BFRF3_IgA,BFRF3_IgA,BFRF3_IgA,BFRF3_IgA,BFRF3_IgA,BFRF3_IgA,BFRF3_IgA,BFRF3_IgA,BFRF3_IgA,BFRF3_IgA,BFRF3_IgA,BFRF3_IgA,BFRF3_IgA,BFRF3_IgA,BFRF3_IgA,BFRF3_IgA,BFRF3_IgA,BFRF3_IgA,BFRF3_IgA,BFRF3_IgA,BFRF3_IgA,BFRF3_IgA,BFRF3_IgA,BFRF3_IgA,BFRF3_IgA,BFRF3_IgA,BFRF3_IgA,BFRF3_IgA,BFRF3_IgA,BFRF3_IgA
BFRF3_IgA,BFRF3_IgA,BFRF3_IgA,BFRF3_IgA,BFRF3_IgA,BFRF3_IgA,BFRF3_IgA,BFRF3_IgA,BFRF3_IgA,BFRF3_IgA,BFRF3_IgA,BFRF3_IgA,BFRF3_IgA,BFRF3_IgA,BFRF3_IgA,BFRF3_IgA,BFRF3_IgA,BFRF3_IgA,BFRF3_IgA,BFRF3_IgA,BFRF3_IgA,BFRF3_IgA,BFRF3_IgA,BFRF3_IgA,BFRF3_IgA,BFRF3_IgA,BFRF3_IgA,BFRF3_IgA,BFRF3_IgA,BFRF3_IgA
BFRF3_IgA,BFRF3_IgA,BFRF3_IgA,BFRF3_IgA,BFRF3_IgA,BFRF3_IgA,BFRF3_IgA,BFRF3_IgA,BFRF3_IgA,BFRF3_IgA,BFRF3_IgA,BFRF3_IgA,BFRF3_IgA,BFRF3_IgA,BFRF3_IgA,BFRF3_IgA,BFRF3_IgA,BFRF3_IgA,BFRF3_IgA,BFRF3_IgA,BFRF3_IgA,BFRF3_IgA,BFRF3_IgA,BFRF3_IgA,BFRF3_IgA,BFRF3_IgA,BFRF3_IgA,BFRF3_IgA,BFRF3_IgA,BFRF3_IgA
BFRF3_IgA,BFRF3_IgA,BFRF3_IgA,BFRF3_IgA,BFRF3_IgA,BFRF3_IgA,BFRF3_IgA,BFRF3_IgA,BFRF3_IgA,BFRF3_IgA,BFRF3_IgA,BFRF3_IgA,BFRF3_IgA,BFRF3_IgA,BFRF3_IgA,BFRF3_IgA,BFRF3_IgA,BFRF3_IgA,BFRF3_IgA,BFRF3_IgA,BFRF3_IgA,BFRF3_IgA,BFRF3_IgA,BFRF3_IgA,BFRF3_IgA,BFRF3_IgA,BFRF3_IgA,BFRF3_IgA,BFRF3_IgA,BFRF3_IgA
BFRF3_IgA,BFRF3_IgA,BFRF3_IgA,BFRF3_IgA,BFRF3_IgA,BFRF3_IgA,BFRF3_IgA,BFRF3_IgA,BFRF3_IgA,BFRF3_IgA,BFRF3_IgA,BFRF3_IgA,BFRF3_IgA,BFRF3_IgA,BFRF3_IgA,BFRF3_IgA,BFRF3_IgA,BFRF3_IgA,BFRF3_IgA,BFRF3_IgA,BFRF3_IgA,BFRF3_IgA,BFRF3_IgA,BFRF3_IgA,BFRF3_IgA,BFRF3_IgA,BFRF3_IgA,BFRF3_IgA,BFRF3_IgA,BFRF3_IgA
BFRF3_IgA,BFRF3_IgA,BFRF3_IgA,BFRF3_IgA,BFRF3_IgA,BFRF3_IgA,BFRF3_IgA,BFRF3_IgA,BFRF3_IgA,BFRF3_IgA,BFRF3_IgA,BFRF3_IgA,BFRF3_IgA,BFRF3_IgA,BFRF3_IgA,BFRF3_IgA,BFRF3_IgA,BFRF3_IgA,BFRF3_IgA,BFRF3_IgA,BFRF3_IgA,BFRF3_IgA,BFRF3_IgA,BFRF3_IgA,BFRF3_IgA,BFRF3_IgA,BFRF3_IgA,BFRF3_IgA,BFRF3_IgA,BFRF3_IgA
BFRF3_IgA,BFRF3_IgA,BFRF3_IgA,BFRF3_IgA,BFRF3_IgA,BFRF3_IgA,BFRF3_IgA,BFRF3_IgA,BFRF3_IgA,BFRF3_IgA,BFRF3_IgA,BFRF3_IgA,BFRF3_IgA,BFRF3_IgA,BFRF3_IgA,BFRF3_IgA,BFRF3_IgA,BFRF3_IgA,BFRF3_IgA,BFRF3_IgA,BFRF3_IgA,BFRF3_IgA,BFRF3_IgA,BFRF3_IgA,BFRF3_IgA,BFRF3_IgA,BFRF3_IgA,BFRF3_IgA,BFRF3_IgA,BFRF3_IgA
BFRF3_IgA,BFRF3_IgA,BFRF3_IgA,BFRF3_IgA,BFRF3_IgA,BFRF3_IgA,BFRF3_IgA,BFRF3_IgA,BFRF3_IgA,BFRF3_IgA,BFRF3_IgA,BFRF3_IgA,BFRF3_IgA,BFRF3_IgA,BFRF3_IgA,BFRF3_IgA,BFRF3_IgA,BFRF3_IgA,BFRF3_IgA,BFRF3_IgA,BFRF3_IgA,BFRF3_IgA,BFRF3_IgA,BFRF3_IgA,BFRF3_IgA,BFRF3_IgA,BFRF3_IgA,BFRF3_IgA,BFRF3_IgA,BFRF3_IgA
BFRF3_IgA,BFRF3_IgA,BFRF3_IgA,BFRF3_IgA,BFRF3_IgA,BFRF3_IgA,BFRF3_IgA,BFRF3_IgA,BFRF3_IgA,BFRF3_IgA,BFRF3_IgA,BFRF3_IgA,BFRF3_IgA,BFRF3_IgA,BFRF3_IgA,BFRF3_IgA,BFRF3_IgA,BFRF3_IgA,BFRF3_IgA,BFRF3_IgA,BFRF3_IgA,BFRF3_IgA,BFRF3_IgA,BFRF3_IgA,BFRF3_IgA,BFRF3_IgA,BFRF3_IgA,BFRF3_IgA,BFRF3_IgA,BFRF3_IgA
BFRF3_IgA,BFRF3_IgA,BFRF3_IgA,BFRF3_IgA,BFRF3_IgA,BFRF3_IgA,BFRF3_IgA,BFRF3_IgA,BFRF3_IgA,BFRF3_IgA,BFRF3_IgA,BFRF3_IgA,BFRF3_IgA,BFRF3_IgA,BFRF3_IgA,BFRF3_IgA,BFRF3_IgA,BFRF3_IgA,BFRF3_IgA,BFRF3_IgA,BFRF3_IgA,BFRF3_IgA,BFRF3_IgA,BFRF3_IgA,BFRF3_IgA,BFRF3_IgA,BFRF3_IgA,BFRF3_IgA,BFRF3_IgA,BFRF3_IgA
BFRF3_IgA,BFRF3_IgA,BFRF3_IgA,BFRF3_IgA,BFRF3_IgA,BFRF3_IgA,BFRF3_IgA,BFRF3_IgA,BFRF3_IgA,BFRF3_IgA,BFRF3_IgA,BFRF3_IgA,BFRF3_IgA,BFRF3_IgA,BFRF3_IgA,BFRF3_IgA,BFRF3_IgA,BFRF3_IgA,BFRF3_IgA,BFRF3_IgA,BFRF3_IgA,BFRF3_IgA,BFRF3_IgA,BFRF3_IgA,BFRF3_IgA,BFRF3_IgA,BFRF3_IgA,BFRF3_IgA,BFRF3_IgA,BFRF3_IgA
BFRF3_IgA,BFRF3_IgA,BFRF3_IgA,BFRF3_IgA,BFRF3_IgA,BFRF3_IgA,BFRF3_IgA,BFRF3_IgA,BFRF3_IgA,BFRF3_IgA,BFRF3_IgA,BFRF3_IgA,BFRF3_IgA,BFRF3_IgA,BFRF3_IgA,BFRF3_IgA,BFRF3_IgA,BFRF3_IgA,BFRF3_IgA,BFRF3_IgA,BFRF3_IgA,BFRF3_IgA,BFRF3_IgA,BFRF3_IgA,BFRF3_IgA,BFRF3_IgA,BFRF3_IgA,BFRF3_IgA,BFRF3_IgA,BFRF3_IgA
H. Pylori4_IgA,H. Pylori4_IgA,H. Pylori4_IgA,H. Pylori4_IgA,H. Pylori4_IgA,H. Pylori4_IgA,H. Pylori4_IgA,H. Pylori4_IgA,H. Pylori4_IgA,H. Pylori4_IgA,H. Pylori4_IgA,H. Pylori4_IgA,H. Pylori4_IgA,H. Pylori4_IgA,H. Pylori4_IgA,H. Pylori4_IgA,H. Pylori4_IgA,H. Pylori4_IgA,H. Pylori4_IgA,H. Pylori4_IgA,H. Pylori4_IgA,H. Pylori4_IgA,H. Pylori4_IgA,H. Pylori4_IgA,H. Pylori4_IgA,H. Pylori4_IgA,H. Pylori4_IgA,H. Pylori4_IgA,H. Pylori4_IgA,H. Pylori4_IgA
BFRF3_IgA,BFRF3_IgA,BFRF3_IgA,BFRF3_IgA,BFRF3_IgA,BFRF3_IgA,BFRF3_IgA,BFRF3_IgA,BFRF3_IgA,BFRF3_IgA,BFRF3_IgA,BFRF3_IgA,BFRF3_IgA,BFRF3_IgA,BFRF3_IgA,BFRF3_IgA,BFRF3_IgA,BFRF3_IgA,BFRF3_IgA,BFRF3_IgA,BFRF3_IgA,BFRF3_IgA,BFRF3_IgA,BFRF3_IgA,BFRF3_IgA,BFRF3_IgA,BFRF3_IgA,BFRF3_IgA,BFRF3_IgA,BFRF3_IgA
BFRF3_IgA,BFRF3_IgA,BFRF3_IgA,BFRF3_IgA,BFRF3_IgA,BFRF3_IgA,BFRF3_IgA,BFRF3_IgA,BFRF3_IgA,BFRF3_IgA,BFRF3_IgA,BFRF3_IgA,BFRF3_IgA,BFRF3_IgA,BFRF3_IgA,BFRF3_IgA,BFRF3_IgA,BFRF3_IgA,BFRF3_IgA,BFRF3_IgA,BFRF3_IgA,BFRF3_IgA,BFRF3_IgA,BFRF3_IgA,BFRF3_IgA,BFRF3_IgA,BFRF3_IgA,BFRF3_IgA,BFRF3_IgA,BFRF3_IgA
BFRF3_IgA,BFRF3_IgA,BFRF3_IgA,BFRF3_IgA,BFRF3_IgA,BFRF3_IgA,BFRF3_IgA,BFRF3_IgA,BFRF3_IgA,BFRF3_IgA,BFRF3_IgA,BFRF3_IgA,BFRF3_IgA,BFRF3_IgA,BFRF3_IgA,BFRF3_IgA,BFRF3_IgA,BFRF3_IgA,BFRF3_IgA,BFRF3_IgA,BFRF3_IgA,BFRF3_IgA,BFRF3_IgA,BFRF3_IgA,BFRF3_IgA,BFRF3_IgA,BFRF3_IgA,BFRF3_IgA,BFRF3_IgA,BFRF3_IgA
BFRF3_IgA,BFRF3_IgA,BFRF3_IgA,BFRF3_IgA,BFRF3_IgA,BFRF3_IgA,BFRF3_IgA,BFRF3_IgA,BFRF3_IgA,BFRF3_IgA,BFRF3_IgA,BFRF3_IgA,BFRF3_IgA,BFRF3_IgA,BFRF3_IgA,BFRF3_IgA,BFRF3_IgA,BFRF3_IgA,BFRF3_IgA,BFRF3_IgA,BFRF3_IgA,BFRF3_IgA,BFRF3_IgA,BFRF3_IgA,BFRF3_IgA,BFRF3_IgA,BFRF3_IgA,BFRF3_IgA,BFRF3_IgA,BFRF3_IgA
BFRF3_IgA,BFRF3_IgA,BFRF3_IgA,BFRF3_IgA,BFRF3_IgA,BFRF3_IgA,BFRF3_IgA,BFRF3_IgA,BFRF3_IgA,BFRF3_IgA,BFRF3_IgA,BFRF3_IgA,BFRF3_IgA,BFRF3_IgA,BFRF3_IgA,BFRF3_IgA,BFRF3_IgA,BFRF3_IgA,BFRF3_IgA,BFRF3_IgA,BFRF3_IgA,BFRF3_IgA,BFRF3_IgA,BFRF3_IgA,BFRF3_IgA,BFRF3_IgA,BFRF3_IgA,BFRF3_IgA,BFRF3_IgA,BFRF3_IgA
BFRF3_IgA,BFRF3_IgA,BFRF3_IgA,BFRF3_IgA,BFRF3_IgA,BFRF3_IgA,BFRF3_IgA,BFRF3_IgA,BFRF3_IgA,BFRF3_IgA,BFRF3_IgA,BFRF3_IgA,BFRF3_IgA,BFRF3_IgA,BFRF3_IgA,BFRF3_IgA,BFRF3_IgA,BFRF3_IgA,BFRF3_IgA,BFRF3_IgA,BFRF3_IgA,BFRF3_IgA,BFRF3_IgA,BFRF3_IgA,BFRF3_IgA,BFRF3_IgA,BFRF3_IgA,BFRF3_IgA,BFRF3_IgA,BFRF3_IgA
BFRF3_IgA,BFRF3_IgA,BFRF3_IgA,BFRF3_IgA,BFRF3_IgA,BFRF3_IgA,BFRF3_IgA,BFRF3_IgA,BFRF3_IgA,BFRF3_IgA,BFRF3_IgA,BFRF3_IgA,BFRF3_IgA,BFRF3_IgA,BFRF3_IgA,BFRF3_IgA,BFRF3_IgA,BFRF3_IgA,BFRF3_IgA,BFRF3_IgA,BFRF3_IgA,BFRF3_IgA,BFRF3_IgA,BFRF3_IgA,BFRF3_IgA,BFRF3_IgA,BFRF3_IgA,BFRF3_IgA,BFRF3_IgA,BFRF3_IgA
BFRF3_IgA,BFRF3_IgA,BFRF3_IgA,BFRF3_IgA,BFRF3_IgA,BFRF3_IgA,BFRF3_IgA,BFRF3_IgA,BFRF3_IgA,BFRF3_IgA,BFRF3_IgA,BFRF3_IgA,BFRF3_IgA,BFRF3_IgA,BFRF3_IgA,BFRF3_IgA,BFRF3_IgA,BFRF3_IgA,BFRF3_IgA,BFRF3_IgA,BFRF3_IgA,BFRF3_IgA,BFRF3_IgA,BFRF3_IgA,BFRF3_IgA,BFRF3_IgA,BFRF3_IgA,BFRF3_IgA,BFRF3_IgA,BFRF3_IgA
BFRF3_IgA,BFRF3_IgA,BFRF3_IgA,BFRF3_IgA,BFRF3_IgA,BFRF3_IgA,BFRF3_IgA,BFRF3_IgA,BFRF3_IgA,BFRF3_IgA,BFRF3_IgA,BFRF3_IgA,BFRF3_IgA,BFRF3_IgA,BFRF3_IgA,BFRF3_IgA,BFRF3_IgA,BFRF3_IgA,BFRF3_IgA,BFRF3_IgA,BFRF3_IgA,BFRF3_IgA,BFRF3_IgA,BFRF3_IgA,BFRF3_IgA,BFRF3_IgA,BFRF3_IgA,BFRF3_IgA,BFRF3_IgA,BFRF3_IgA
BFRF3_IgA,BFRF3_IgA,BFRF3_IgA,BFRF3_IgA,BFRF3_IgA,BFRF3_IgA,BFRF3_IgA,BFRF3_IgA,BFRF3_IgA,BFRF3_IgA,BFRF3_IgA,BFRF3_IgA,BFRF3_IgA,BFRF3_IgA,BFRF3_IgA,BFRF3_IgA,BFRF3_IgA,BFRF3_IgA,BFRF3_IgA,BFRF3_IgA,BFRF3_IgA,BFRF3_IgA,BFRF3_IgA,BFRF3_IgA,BFRF3_IgA,BFRF3_IgA,BFRF3_IgA,BFRF3_IgA,BFRF3_IgA,BFRF3_IgA
BFRF3_IgA,BFRF3_IgA,BFRF3_IgA,BFRF3_IgA,BFRF3_IgA,BFRF3_IgA,BFRF3_IgA,BFRF3_IgA,BFRF3_IgA,BFRF3_IgA,BFRF3_IgA,BFRF3_IgA,BFRF3_IgA,BFRF3_IgA,BFRF3_IgA,BFRF3_IgA,BFRF3_IgA,BFRF3_IgA,BFRF3_IgA,BFRF3_IgA,BFRF3_IgA,BFRF3_IgA,BFRF3_IgA,BFRF3_IgA,BFRF3_IgA,BFRF3_IgA,BFRF3_IgA,BFRF3_IgA,BFRF3_IgA,BFRF3_IgA
BFRF3_IgA,BFRF3_IgA,BFRF3_IgA,BFRF3_IgA,BFRF3_IgA,BFRF3_IgA,BFRF3_IgA,BFRF3_IgA,BFRF3_IgA,BFRF3_IgA,BFRF3_IgA,BFRF3_IgA,BFRF3_IgA,BFRF3_IgA,BFRF3_IgA,BFRF3_IgA,BFRF3_IgA,BFRF3_IgA,BFRF3_IgA,BFRF3_IgA,BFRF3_IgA,BFRF3_IgA,BFRF3_IgA,BFRF3_IgA,BFRF3_IgA,BFRF3_IgA,BFRF3_IgA,BFRF3_IgA,BFRF3_IgA,BFRF3_IgA
